{"schemaVersion":"1.0","appDefinitionTemplate":{"id":"/providers/Microsoft.PowerApps/apps/","type":"Microsoft.PowerApps/apps","tags":{"primaryDeviceWidth":"1366","primaryDeviceHeight":"768","supportsPortrait":"true","supportsLandscape":"true","primaryFormFactor":"Tablet","publisherVersion":"3.22122.15","minimumRequiredApiVersion":"2.2.0","hasComponent":"false","hasUnlockedComponent":"false","isUnifiedRootApp":"false","sienaVersion":"20221229T003259Z-3.22122.15.0"},"properties":{"appVersion":"2022-12-29T00:32:59Z","lifeCycleId":"Published","createdByClientVersion":{"major":3,"minor":22122,"build":15,"revision":0,"majorRevision":0,"minorRevision":0},"minClientVersion":{"major":3,"minor":22122,"build":15,"revision":0,"majorRevision":0,"minorRevision":0},"backgroundColor":"rgba(255, 255, 255, 1)","backgroundImageUri":"/4737901630991278611/N5825f0dc-9c93-4a92-a893-9033df7516cc-logoSmallFile","displayName":"Cracking_Naftas_Reactor_Simulation","description":"Cracking nafta's reactor simulation developed by Manuel Portero Leiva","commitMessage":"","appUris":{"documentUri":{"value":"/4737901630991278611/Nc8a88d59-dda3-4dfd-be9a-a1d425efb65e-document.msapp"},"imageUris":[],"additionalUris":[]},"createdTime":"0001-01-01T00:00:00Z","lastModifiedTime":"0001-01-01T00:00:00Z","sharedGroupsCount":0,"sharedUsersCount":0,"icons":{"smallIconUri":"/4737901630991278611/N1bbbc1bf-8f9a-4017-ba84-7d50f96b9ba1-small.png","mediumIconUri":"/4737901630991278611/Nb41d4d49-7ecd-4dbd-8c13-c28fe3c234fe-medium.png","largeIconUri":"/4737901630991278611/N656644e0-e0d6-4723-8acc-7749e8a20e36-large.png","wideIconUri":"/4737901630991278611/Nc14bd19b-f23e-475d-b252-f823dba3a439-wide.png"},"connectionReferences":{"591aa8a0-d642-445e-8030-b38ed5c19eb6":{"id":"82941e9d-6225-4590-aeea-dcdf97cd516a","displayName":"SharePoint","iconUri":"https://connectoricons-prod.azureedge.net/u/juanq/gateway/greyhound/3000.150.11/1.0.1613.3116/sharepointonline/icon.png","dataSources":["Naftas_Cracking_Reactor"],"dependencies":[],"dependents":["3c2e4fac-2cf1-4070-b769-1475e5d95c42"],"parameterHints":{},"parameterHintsV2":{},"isOnPremiseConnection":false,"bypassConsent":false,"dataSets":{"https://t8656.sharepoint.com/sites/Reactor_Simulations":{"dataSources":{"Naftas_Cracking_Reactor":{"tableName":"21cf4920-4fe9-4bc2-8ce7-c659cad06071"}}}},"apiTier":"Standard","isCustomApiConnection":false,"actions":["providers/PowerPlatform.Governance/Operations/Read"]},"3c2e4fac-2cf1-4070-b769-1475e5d95c42":{"id":"1b054fff-6a90-4c45-90f9-58e3b402966e","displayName":"Flujos lógicos","iconUri":"https://connectoricons-prod.azureedge.net/releases/v1.0.1534/1.0.1534.2605/logicflows/icon.png","dataSources":["Cracking_Naftas_Simulation_Flow"],"dependencies":["591aa8a0-d642-445e-8030-b38ed5c19eb6"],"dependents":[],"parameterHints":{"workflowName":{"value":"16fc6a0a-8fbf-4ef6-b15b-044fb44beed5"},"workflowEntityId":{},"591aa8a0-d642-445e-8030-b38ed5c19eb6":{"value":"shared_sharepointonline"}},"parameterHintsV2":{"workflowName":{"value":"16fc6a0a-8fbf-4ef6-b15b-044fb44beed5"},"workflowEntityId":{},"shared_sharepointonline":{"value":"591aa8a0-d642-445e-8030-b38ed5c19eb6"}},"isOnPremiseConnection":false,"bypassConsent":false,"dataSets":{},"apiTier":"Standard","isCustomApiConnection":false,"actions":["Run"],"nestedActions":[{"id":"/providers/Microsoft.PowerApps/apis/shared_sharepointonline/apiOperations/GetItems","apiName":"SharePoint","actionName":"GetItems","referencedResources":[{"key":"site","value":"https://t8656.sharepoint.com/sites/Reactor_Simulations"},{"key":"list","value":"21cf4920-4fe9-4bc2-8ce7-c659cad06071"}]},{"id":"/providers/Microsoft.PowerApps/apis/shared_sharepointonline/apiOperations/DeleteItem","apiName":"SharePoint","actionName":"DeleteItem","referencedResources":[{"key":"site","value":"https://t8656.sharepoint.com/sites/Reactor_Simulations"},{"key":"list","value":"21cf4920-4fe9-4bc2-8ce7-c659cad06071"}]},{"id":"/providers/Microsoft.PowerApps/apis/shared_sharepointonline/apiOperations/PostItem","apiName":"SharePoint","actionName":"PostItem","referencedResources":[{"key":"site","value":"https://t8656.sharepoint.com/sites/Reactor_Simulations"},{"key":"list","value":"21cf4920-4fe9-4bc2-8ce7-c659cad06071"}]}]}},"databaseReferences":{},"almMode":"Environment","performanceOptimizationEnabled":true,"canConsumeAppPass":true,"enableModernRuntimeMode":false,"executionRestrictions":{"isTeamsOnly":false,"dataLossPreventionEvaluationResult":{"status":"Compliant","lastEvaluationDate":"2022-12-29T00:33:16.387858Z","violations":[],"violationsByPolicy":[],"violationErrorMessage":"La aplicación usa los siguientes conectores: shared_sharepointonline, shared_logicflows."},"httpActionRestriction":{"appUsesSharepointHttpAction":false,"enforcementStrategy":"Legacy","evaluationTime":"2022-12-29T00:33:16.3877602Z"}}},"appType":"ClassicCanvasApp","appComponents":[]}}