{"name":"57196c17-efa8-4ac2-8ac0-1109ff94314b","id":"/providers/Microsoft.Flow/flows/57196c17-efa8-4ac2-8ac0-1109ff94314b","type":"Microsoft.Flow/flows","properties":{"apiId":"/providers/Microsoft.PowerApps/apis/shared_logicflows","displayName":"Cracking_Naftas_Simulation_Flow","definition":{"metadata":{"workflowEntityId":null,"processAdvisorMetadata":null,"flowclientsuspensionreason":"None","flowclientsuspensiontime":null,"flowclientsuspensionreasondetails":null,"creator":{"id":"d0461964-21df-40c3-9f36-899bff1d35e4","type":"User","tenantId":"e9112c5c-e4bb-4ab9-8b4c-3692f43531a7"},"provisioningMethod":"FromDefinition","failureAlertSubscription":true,"clientLastModifiedTime":"2022-12-29T00:30:58.2077296Z"},"$schema":"https://schema.management.azure.com/providers/Microsoft.Logic/schemas/2016-06-01/workflowdefinition.json#","contentVersion":"1.0.0.0","parameters":{"$connections":{"defaultValue":{},"type":"Object"},"$authentication":{"defaultValue":{},"type":"SecureObject"}},"triggers":{"manual":{"metadata":{"operationMetadataId":"b49b1cee-e178-42d3-a8d8-ea899ccb5a34"},"type":"Request","kind":"PowerApp","inputs":{"schema":{"type":"object","properties":{"Setproductionvariable_Value":{"type":"string","description":"Enter initial value","x-ms-powerflows-param-ispartial":false},"SetDvariable_Value":{"type":"string","description":"Enter initial value","x-ms-powerflows-param-ispartial":false},"SetY1variable_Value":{"type":"string","description":"Enter initial value","x-ms-powerflows-param-ispartial":false},"SetY2variable_Value":{"type":"string","description":"Enter initial value","x-ms-powerflows-param-ispartial":false},"SetY3variable_Value":{"type":"string","description":"Enter initial value","x-ms-powerflows-param-ispartial":false},"SetY4variable_Value":{"type":"string","description":"Enter initial value","x-ms-powerflows-param-ispartial":false},"SetY5variable_Value":{"type":"string","description":"Enter initial value","x-ms-powerflows-param-ispartial":false}},"required":["Setproductionvariable_Value","SetDvariable_Value","SetY1variable_Value","SetY2variable_Value","SetY3variable_Value","SetY4variable_Value","SetY5variable_Value"]}}}},"actions":{"Set_production_variable":{"runAfter":{},"metadata":{"operationMetadataId":"33bc8753-bac6-4591-8f21-15b05f80de85"},"type":"InitializeVariable","inputs":{"variables":[{"name":"production","type":"string","value":"@{triggerBody()['Setproductionvariable_Value']}"}]}},"Set_D_variable":{"runAfter":{"Set_production_variable":["Succeeded"]},"metadata":{"operationMetadataId":"54d27956-f0a7-4e03-b1fa-eb9406d625cf"},"type":"InitializeVariable","inputs":{"variables":[{"name":"D","type":"string","value":"@{triggerBody()['SetDvariable_Value']}"}]}},"Set_Y1_variable":{"runAfter":{"Set_D_variable":["Succeeded"]},"metadata":{"operationMetadataId":"010c592d-42e3-44af-9823-a0a2f3133646"},"type":"InitializeVariable","inputs":{"variables":[{"name":"y1","type":"string","value":"@{triggerBody()['SetY1variable_Value']}"}]}},"Set_Y2_variable":{"runAfter":{"Set_Y1_variable":["Succeeded"]},"metadata":{"operationMetadataId":"7a54bc57-a6d9-49d6-bc2a-ae082bbadc66"},"type":"InitializeVariable","inputs":{"variables":[{"name":"y2","type":"string","value":"@{triggerBody()['SetY2variable_Value']}"}]}},"Set_Y3_variable":{"runAfter":{"Set_Y2_variable":["Succeeded"]},"metadata":{"operationMetadataId":"06d56fb8-00ca-42cd-9245-8339b7f8ac1b"},"type":"InitializeVariable","inputs":{"variables":[{"name":"y3","type":"string","value":"@{triggerBody()['SetY3variable_Value']}"}]}},"Set_Y4_variable":{"runAfter":{"Set_Y3_variable":["Succeeded"]},"metadata":{"operationMetadataId":"334bf27b-2f84-48ac-a7fd-61fb54118ee5"},"type":"InitializeVariable","inputs":{"variables":[{"name":"y4","type":"string","value":"@{triggerBody()['SetY4variable_Value']}"}]}},"Set_Y5_variable":{"runAfter":{"Set_Y4_variable":["Succeeded"]},"metadata":{"operationMetadataId":"4adaed48-58e5-4741-a3ed-b08337200dc3"},"type":"InitializeVariable","inputs":{"variables":[{"name":"y5","type":"string","value":"@{triggerBody()['SetY5variable_Value']}"}]}},"Naftas_Reactor_HTTP_Request":{"runAfter":{"Apply_to_each":["Succeeded"]},"metadata":{"operationMetadataId":"2e9631d8-9452-4f73-8c59-ea06d758d30c"},"type":"Http","inputs":{"method":"POST","uri":"https://reactordesignfunction.azurewebsites.net/api/NaftaCrackingReactor?code=Q-eI8S8sTqSqF1KLpVs6MWiYVt7ROgTfIWaxbYUiEGcYAzFueqr5sg==","body":{"production":"@{variables('production')}","D":"@{variables('D')}","y1":"@{variables('y1')}","y2":"@{variables('y2')}","y3":"@{variables('y3')}","y4":"@{variables('y4')}","y5":"@{variables('y5')}"}}},"Parse_JSON":{"runAfter":{"Naftas_Reactor_HTTP_Request":["Succeeded"]},"metadata":{"operationMetadataId":"8d54477c-f3ce-42a7-81de-bea77cdce9ff"},"type":"ParseJson","inputs":{"content":"@body('Naftas_Reactor_HTTP_Request')","schema":{"type":"array","items":{"type":"object","properties":{"dyWastes":{"type":"number"},"dyVGO":{"type":"number"},"dyDistilled":{"type":"number"},"dyNaftas":{"type":"number"},"dyGases":{"type":"number"},"t":{"type":"number"}},"required":["dyWastes","dyVGO","dyDistilled","dyNaftas","dyGases","t"]}}}},"Get_items":{"runAfter":{"Set_Y5_variable":["Succeeded"]},"metadata":{"operationMetadataId":"709dc0ef-76db-4703-8420-c48f18b52c99"},"type":"OpenApiConnection","inputs":{"host":{"apiId":"/providers/Microsoft.PowerApps/apis/shared_sharepointonline","connectionName":"shared_sharepointonline","operationId":"GetItems"},"parameters":{"dataset":"https://t8656.sharepoint.com/sites/Reactor_Simulations","table":"21cf4920-4fe9-4bc2-8ce7-c659cad06071"},"authentication":{"value":"@json(decodeBase64(triggerOutputs().headers['X-MS-APIM-Tokens']))['$ConnectionKey']","type":"Raw"}}},"Apply_to_each":{"foreach":"@outputs('Get_items')?['body/value']","actions":{"Delete_item":{"runAfter":{},"metadata":{"operationMetadataId":"30330f2a-eed4-4671-b717-3d9f9ccfe90a"},"type":"OpenApiConnection","inputs":{"host":{"apiId":"/providers/Microsoft.PowerApps/apis/shared_sharepointonline","connectionName":"shared_sharepointonline","operationId":"DeleteItem"},"parameters":{"dataset":"https://t8656.sharepoint.com/sites/Reactor_Simulations","table":"21cf4920-4fe9-4bc2-8ce7-c659cad06071","id":"@items('Apply_to_each')?['ID']"},"authentication":{"value":"@json(decodeBase64(triggerOutputs().headers['X-MS-APIM-Tokens']))['$ConnectionKey']","type":"Raw"}}}},"runAfter":{"Get_items":["Succeeded"]},"metadata":{"operationMetadataId":"b6fe05d5-130a-4a0f-8019-657297a5f28d"},"type":"Foreach"},"Apply_to_each_2":{"foreach":"@body('Parse_JSON')","actions":{"Create_item":{"runAfter":{},"metadata":{"operationMetadataId":"1a7a2eae-28d4-4ded-8325-b539bc32da2a"},"type":"OpenApiConnection","inputs":{"host":{"apiId":"/providers/Microsoft.PowerApps/apis/shared_sharepointonline","connectionName":"shared_sharepointonline","operationId":"PostItem"},"parameters":{"dataset":"https://t8656.sharepoint.com/sites/Reactor_Simulations","table":"21cf4920-4fe9-4bc2-8ce7-c659cad06071","item/Title":"Naftas_Reactor","item/t":"@formatNumber(items('Apply_to_each_2')['t'],'0.00')","item/dyWastes":"@items('Apply_to_each_2')['dyWastes']","item/dyVGO":"@items('Apply_to_each_2')['dyVGO']","item/dyDistilled":"@items('Apply_to_each_2')['dyDistilled']","item/dyNaftas":"@items('Apply_to_each_2')['dyNaftas']","item/dyGases":"@items('Apply_to_each_2')['dyGases']"},"authentication":{"value":"@json(decodeBase64(triggerOutputs().headers['X-MS-APIM-Tokens']))['$ConnectionKey']","type":"Raw"}}}},"runAfter":{"Parse_JSON":["Succeeded"]},"metadata":{"operationMetadataId":"716acc6e-3d38-4fb5-a10b-b3b5b8b40e8c"},"type":"Foreach"}}},"connectionReferences":{"shared_sharepointonline":{"connectionName":"52d1c1b2907441b091a152ca80e9bbba","source":"Invoker","id":"/providers/Microsoft.PowerApps/apis/shared_sharepointonline","tier":"NotSpecified"}},"flowFailureAlertSubscribed":false,"isManaged":false}}